Steps,Policy/Entropy,Environment/Cumulative Reward,Environment/Episode Length,Policy/Extrinsic Value Estimate,Policy/Curiosity Value Estimate,Policy/Extrinsic Reward,Policy/Curiosity Reward,Losses/Value Loss,Losses/Policy Loss,Policy/Learning Rate,Losses/Curiosity Forward Loss,Losses/Curiosity Inverse Loss,Losses/Pretraining Loss
30000,1.4177029,-0.0010485322491621883,0.014779491341991342,-0.15195873,0.82088596,-0.0010485421003574135,0.11380756662486996,0.11617284,0.024374781,0.00029953918,5.3108807,0.48234493,0.6596204
60000,1.4236643,-0.0023929797450399884,0.5576903105203033,-0.0040827505,1.0671003,-0.0023921713023069367,0.12417609750821856,0.009962302,0.034703802,0.0002987709,0.73491925,0.42188653,0.44808885
90000,1.4226854,-0.006801483213692761,7.551409854742238,0.0036561762,1.1193539,-0.006674829366581635,0.4010929598808204,0.07057101,0.026612887,0.00029784872,0.48605344,0.18042623,0.27397844
120000,1.4193659,0.09825753001081566,26.424657534246574,0.031058175,1.5801929,0.09791963343619109,0.7795452435896413,0.04212228,0.022021897,0.00029692586,0.2856797,0.061468337,0.21021084
150000,1.4183879,0.5895260662453964,46.38546603475513,0.09756096,2.2214162,0.5626998443532026,0.8701680602408698,0.14531437,0.022751315,0.00029599853,0.179054,0.04585268,0.16889451
180000,1.415562,1.04561151871219,52.902877697841724,0.27123418,2.470783,1.0767284294643955,1.0072779676193546,0.6700163,0.02520755,0.00029507396,0.15576054,0.042187914,0.14653791
210000,1.412688,1.2324765277639713,49.4244966442953,0.44417274,2.44654,1.2342739492578494,0.5198847845791518,0.70419234,0.024699675,0.0002941482,0.12294015,0.04067636,0.13558874
240000,1.4093912,1.4911649316302196,62.31289640591966,0.5060914,2.3717198,1.48829120235888,0.47329172021060995,0.62592655,0.025624864,0.00029322415,0.0707284,0.039262656,0.13185054
270000,1.4071245,1.789737936713913,59.60685483870968,0.5354288,2.2117984,1.7510060319830025,0.3822691581595028,0.79880613,0.023191383,0.00029229693,0.060343564,0.038536847,0.12935801
300000,1.4030216,1.361282634525855,53.2481884057971,0.65511733,2.0429432,1.3963278886884032,0.29508684224624565,0.72448826,0.023152797,0.00029136948,0.052031264,0.039476514,0.12958504
330000,1.4014434,1.5314363942041316,53.60363636363636,0.7672474,1.8865823,1.5312545208622363,0.2535531040450389,0.7151554,0.022878697,0.00029044293,0.043630075,0.037899036,0.04372568428516388
360000,1.3993064,2.3640125818328936,61.505219206680586,1.0760531,1.7923609,2.364221291565278,0.25507071291510647,1.1613127,0.02337203,0.00028951783,0.038508307,0.036695674,0.0
390000,1.3963436,2.781617836571156,61.18181818181818,1.1968228,1.6990434,2.7815991661240527,0.22808834618296137,1.5148959,0.024861101,0.00028874673,0.03555738,0.035239562,0.0
420000,1.3957545,2.398097573687877,52.145390070921984,1.1401505,1.6752572,2.398113402715514,0.1841948049684577,1.5438441,0.024659293,0.00028797545,0.032741755,0.03558073,0.0
450000,1.393709,2.392696459416626,50.39451114922813,1.6974481,1.6644723,2.3522160306313724,0.1641066089714997,1.2697514,0.026348218,0.00028705248,0.03040121,0.037623033,0.0
480000,1.3890903,2.24320005758983,53.57090909090909,1.6919645,1.5604388,2.284836335376921,0.15904558200727809,1.6896552,0.022945285,0.00028612724,0.028942032,0.035834584,0.0
510000,1.3871672,3.2169197443444437,62.36786469344609,1.5550202,1.4544704,3.218293727028044,0.15515817482079564,1.8254868,0.020831348,0.00028520267,0.024215138,0.032955516,0.0
540000,1.3850597,2.3975513485759925,47.05128205128205,1.6595193,1.4774061,2.397631344978902,0.12682766247263105,1.7072414,0.024178913,0.00028427722,0.023600593,0.034537643,0.0
570000,1.3815575,2.8021908183452777,54.55,1.8223025,1.3528031,2.7945407342051447,0.12482789423644405,1.3497359,0.024543295,0.00028335117,0.02283275,0.03246263,0.0
600000,1.379465,3.0626220184537654,55.82041587901701,1.8669243,1.2843341,3.0696747532697124,0.11154289894635193,1.9654502,0.023095062,0.00028242634,0.019070482,0.031033663,0.0
630000,1.3761922,4.334982621947129,73.9875,2.1860342,1.055988,4.331482359840302,0.13440839795628562,2.0284219,0.023488864,0.00028149996,0.017368121,0.029332174,0.0
660000,1.3716441,3.6391910882197047,63.42918454935622,2.57822,1.1270462,3.5545342733939638,0.10804337342749369,1.7676197,0.026774406,0.00028057583,0.015966369,0.02977129,0.0
690000,1.3665221,3.535175641172261,58.15779092702169,2.3653336,1.2225144,3.6163410992582956,0.09849531222061352,1.8962331,0.025166413,0.00027965117,0.015881753,0.031011045,0.0
720000,1.3662266,3.702916607110961,58.62425447316103,2.518632,1.0777013,3.7031132909985423,0.10227635658621996,2.1834042,0.02508157,0.00027872538,0.015649214,0.030904816,0.0
750000,1.3636621,4.494729936337443,68.33487297921478,2.861859,0.97301745,4.4820737511158315,0.0907703325239507,2.142727,0.02603649,0.0002779537,0.012721838,0.026804328,0.0
780000,1.359658,4.477860648210609,69.78959810874704,4.059792,1.0465673,4.478924326376547,0.09077314236289415,2.189319,0.026344845,0.00027717967,0.011716212,0.026275804,0.0
810000,1.3562212,4.910276647982036,76.49612403100775,3.8527946,0.9582769,4.91037989653002,0.08938520437092051,2.13638,0.025265241,0.00027625388,0.012012441,0.02675121,0.0
840000,1.3532774,5.684832609373769,78.75265957446808,3.9641626,0.76714385,5.556614157840352,0.08813928399158226,2.1129827,0.025653848,0.00027532573,0.010292151,0.023945363,0.0
870000,1.3507365,5.277781048610248,68.95804195804196,4.6680236,0.96389353,5.394820400356317,0.0743230037078574,2.729448,0.024441982,0.00027440122,0.010087476,0.024769768,0.0
900000,1.3467586,5.125206478643095,71.90291262135922,4.411591,0.82411593,5.124235390653004,0.07516649206738593,2.2649553,0.026384925,0.00027347548,0.010021061,0.023497889,0.0
930000,1.3436677,6.784199643594323,83.13764044943821,5.2080207,0.7465949,6.668120564215652,0.08234267822516496,2.339608,0.023464069,0.00027254978,0.009362842,0.022275798,0.0
960000,1.3419149,5.912095156244228,78.39050131926122,5.969145,0.7408779,6.027593529166403,0.07287025311224575,2.640443,0.026937544,0.00027162276,0.008834624,0.021839226,0.0
990000,1.3409979,7.2156483781287575,91.50925925925925,6.2835054,0.6030412,7.207191102415105,0.07493746374592898,2.20727,0.02263355,0.00027069694,0.007760685,0.021099472,0.0
1020000,1.3403864,5.810899911261317,75.96915167095116,6.3783727,0.7800616,5.80565285157283,0.06163068728432883,2.2038672,0.021242179,0.00026977248,0.007602899,0.022469109,0.0
1050000,1.3356583,5.352554254865769,65.31788079470199,6.381227,0.8817892,5.3548078381843975,0.0733105079111567,4.9284554,0.023379495,0.00026884585,0.00959701,0.023624703,0.0
1080000,1.3342377,6.45395104192761,80.85519125683061,7.347599,0.6757169,6.4531309246782165,0.0645728846382136,2.862406,0.024232596,0.00026792157,0.007658129,0.024453511,0.0
1110000,1.332303,6.184118576071598,74.55415617128463,6.743039,0.68516296,6.041800835489774,0.06065463259117091,3.0667763,0.02366912,0.00026715192,0.007994641,0.025480157,0.0
1140000,1.3293831,4.214616140042664,58.988,6.835088,0.8474926,4.33546003367356,0.045912658682558685,2.865853,0.023695732,0.0002663791,0.00716827,0.024810387,0.0
1170000,1.3292525,5.221676734798499,63.03829787234042,6.202981,0.7705151,5.212714848534125,0.04751867979388446,3.9829638,0.022322817,0.00026545324,0.0072481693,0.026447974,0.0
1200000,1.3261663,5.812387501095376,69.32863849765258,7.562201,0.6197024,5.812786348637941,0.050844011968220346,3.6910903,0.02005154,0.00026452536,0.007100579,0.024880394,0.0
1230000,1.3239999,6.117608758766731,74.75757575757575,7.6598334,0.7002332,6.016901384761576,0.047550054174151764,2.0664308,0.025213763,0.00026359892,0.005925654,0.0227097,0.0
1260000,1.3206723,5.254972010233301,64.12337662337663,8.357749,0.6922229,5.343225569733966,0.03888599231481601,3.8208396,0.021700019,0.00026267552,0.005875377,0.022165745,0.0
1290000,1.3190453,5.9233842872588935,65.08167770419426,6.982791,0.66088605,5.920160704653398,0.038726995371657504,3.7682917,0.024529533,0.00026175004,0.0056754765,0.023353541,0.0
1320000,1.317663,7.498362063720458,84.31339031339031,8.649684,0.5016297,7.499985538040317,0.04710291164855544,2.3049843,0.020064596,0.00026082466,0.0053417333,0.022622311,0.0
1350000,1.3151165,5.9541052992185834,69.17757009345794,8.4025955,0.5368159,5.9529368195325905,0.0372320625677522,3.817395,0.027597345,0.00025989555,0.005114662,0.021963233,0.0
1380000,1.315056,7.007842598496253,80.38315217391305,9.572134,0.42895177,7.02038308872611,0.040008718263972856,2.5079648,0.025056653,0.00025896996,0.004680194,0.021090409,0.0
1410000,1.313542,4.946551253917471,65.73555555555555,9.614478,0.5629766,4.940435485726016,0.0334999394005475,4.7362475,0.020261811,0.00025804318,0.0048445854,0.020536562,0.0
1440000,1.3136863,5.735501485677389,78.29023746701847,9.88803,0.44841555,5.730559349489474,0.03553891912137102,3.1029732,0.024044245,0.0002571151,0.004267317,0.019893335,0.0
1470000,1.3119278,5.976556595013992,77.53543307086615,9.956292,0.4286678,5.9524551964319,0.033590075685826476,3.3050036,0.023709029,0.00025634374,0.004032611,0.018526588,0.0
1500000,1.3110266,7.478221443120478,87.71386430678466,10.259853,0.27257216,7.493885197143947,0.03243426740484531,3.6891365,0.025245028,0.00025557235,0.0037908934,0.01764415,0.0
1530000,1.3098539,7.260579920489201,90.79141104294479,10.268776,0.2920172,7.267913894182888,0.03388718314693121,2.0401053,0.023300195,0.00025464632,0.003491913,0.01684199,0.0
1560000,1.309185,7.188173083289223,85.507204610951,10.4987135,0.26600608,7.132700052649127,0.032181418541099564,2.551588,0.02756841,0.00025371977,0.0035805937,0.018557424,0.0
1590000,1.3053206,7.9356430610018185,88.35416666666667,11.688399,0.19321339,7.993109909574005,0.03166248138343993,2.4527986,0.024477303,0.00025279284,0.0034007176,0.018210879,0.0
1620000,1.3032442,8.077404626435309,93.25391849529781,12.092134,0.17151415,8.0767922944729,0.031849006226772454,1.3672547,0.025680505,0.0002518663,0.0032299592,0.016602634,0.0
1650000,1.3009255,7.625350625476099,84.4017094017094,12.628385,0.23682703,7.623550922672703,0.030845696315902223,3.519705,0.021680636,0.0002509418,0.0035181679,0.019247537,0.0
1680000,1.2975837,7.87843828061469,89.62235649546828,11.787042,0.21997526,7.882335124136402,0.032752792046720505,1.4623146,0.025102189,0.00025001657,0.0034603209,0.020697773,0.0
1710000,1.2940612,5.781617898135533,68.87645687645687,11.006277,0.28923696,5.7767436004945,0.026122722262679435,6.436746,0.024372324,0.00024909154,0.0036800804,0.02147095,0.0
1740000,1.2910116,8.364852971848718,91.11349693251533,12.514715,0.16449326,8.373720545483113,0.031810856258933734,1.5164275,0.025370242,0.0002481664,0.0032383085,0.019282123,0.0
1770000,1.2897052,7.820305855766848,88.01483679525222,11.90362,0.21248017,7.820602121662752,0.03869160039845069,2.9420035,0.022933261,0.00024723948,0.0035216853,0.019654145,0.0
1800000,1.2905449,6.918331859672232,76.49740932642487,11.14059,0.23512094,6.914652828693238,0.02951213397589932,5.7711396,0.02153437,0.00024631407,0.0039804387,0.020284116,0.0
1830000,1.2914207,8.953435744237785,95.84516129032258,13.593306,0.12848276,8.953661045338958,0.03086217025430092,0.6983521,0.025288243,0.00024554363,0.0030354075,0.019413328,0.0
1860000,1.2899306,8.357705614748522,88.33630952380952,13.561907,0.1645905,8.36392536398212,0.029609629956082375,2.0897405,0.02167624,0.0002447689,0.0031577714,0.02001582,0.0
1890000,1.2897512,6.73656420558238,72.86453201970443,12.231166,0.15606861,6.732598201504202,0.024260471909297768,4.5574365,0.02496408,0.00024384311,0.0032647166,0.02103713,0.0
1920000,1.2867546,7.503397973238997,83.02240896358543,13.259651,0.10870696,7.498884927954248,0.026252428732332394,2.5654628,0.026574066,0.00024291752,0.0030212216,0.019974813,0.0
1950000,1.2863864,6.967633522729963,75.93333333333334,13.260482,0.12958632,6.974430595417448,0.02349411285548017,6.080548,0.02377367,0.00024199286,0.0029936656,0.020225722,0.0
1980000,1.2870101,8.503109998857282,90.39634146341463,14.448129,0.121879436,8.49893270055735,0.025072931351421242,2.828574,0.02250685,0.00024106719,0.002720245,0.0185604,0.0
2010000,1.2847246,8.4432321849601,89.45481927710843,14.31603,0.09643169,8.443111185075614,0.023443232828692297,2.949131,0.025519103,0.0002401424,0.0025326207,0.017060861,0.0
2040000,1.2789,8.311360501339703,92.07142857142857,14.156148,0.096374586,8.317478025949601,0.02157910440120013,1.7680742,0.02117978,0.00023921567,0.0023070748,0.0151180895,0.0
2070000,1.2772887,8.580759613633564,92.875,14.475998,0.1043753,8.42260292909923,0.022787478833924978,2.2435477,0.02275076,0.00023828798,0.0023368124,0.0137375565,0.0
2100000,1.2745104,8.702628879029385,96.6514657980456,15.388384,0.07391344,8.862041932903837,0.020789064007359238,1.2327923,0.024135003,0.00023736153,0.0020666465,0.013274846,0.0
2130000,1.2720953,8.278726384339926,91.3323076923077,14.665387,0.06809245,8.27887970004947,0.01954004155901762,1.6452283,0.023173058,0.00023643718,0.0020395431,0.013592649,0.0
2160000,1.2704154,8.484180646689161,93.93987341772151,15.359826,0.08848576,8.345287736925249,0.023308294815677394,5.5854964,0.0272754,0.00023551058,0.002287178,0.012611647,0.0
2190000,1.2664225,8.03244432131611,94.71565495207668,15.047164,0.08523474,8.168290467962574,0.01831880067538369,1.7539854,0.022490375,0.00023473828,0.0018579876,0.011994504,0.0
2220000,1.2624468,8.765138542655798,95.7588424437299,15.6776085,0.08334819,8.769832597118638,0.02002452034727817,1.1342871,0.021609606,0.00023396814,0.0018241621,0.012401397,0.0
2250000,1.2605942,8.17200020498349,86.96480938416423,15.672041,0.083840765,8.170562698125165,0.017255348236371062,2.982221,0.022438599,0.0002330419,0.0019844307,0.013102229,0.0
2280000,1.2589375,9.070287341224931,95.76129032258065,15.73751,0.058324758,9.071222246187032,0.019048867949600062,1.0851603,0.023230216,0.00023211614,0.0019229804,0.014164765,0.0
2310000,1.2570474,8.709723520420313,93.11006289308176,15.807448,0.045768455,8.709377081326718,0.01817377607166802,2.1707473,0.025467336,0.0002311906,0.0018588994,0.014103794,0.0
2340000,1.2541548,8.557124860439306,90.37993920972644,15.398867,0.04924647,8.557549883727562,0.01763851377751401,3.260134,0.024624826,0.0002302633,0.00191853,0.014721,0.0
2370000,1.2525077,9.589654747504614,98.71760797342192,16.622473,0.035935562,9.593574422290951,0.016951131940729593,1.9615401,0.022400491,0.00022933546,0.0016495293,0.012694071,0.0
2400000,1.2470434,9.662493680107485,98.79333333333334,16.438082,0.041669704,9.653323178688686,0.017560717488328617,0.47580025,0.022585332,0.00022840752,0.0016814442,0.013246196,0.0
2430000,1.243448,9.09847447150124,96.26774193548387,16.241903,0.029854953,9.124103198976265,0.01722344846885145,1.3421888,0.028118206,0.00022747855,0.0017220139,0.014071356,0.0
2460000,1.2418752,9.565794389079754,96.7124183006536,16.145643,0.03358393,9.399260271099436,0.018998672265001248,1.3011469,0.02545707,0.00022654944,0.0018883459,0.015450862,0.0
2490000,1.2391303,9.442977071565881,98.1092715231788,17.398397,0.044591907,9.5895658670277,0.01981504893528655,1.4762605,0.019925922,0.00022562331,0.0018991359,0.015011638,0.0
2520000,1.236794,9.561376095792445,94.78025477707007,17.406078,0.058349863,9.561757788616736,0.022547215984090214,3.5566945,0.02491713,0.00022484972,0.0023219124,0.015812842,0.0
2550000,1.2353228,6.588334290819588,68.02073732718894,14.873755,0.06726303,6.586260100055705,0.01801102166828562,9.677438,0.022904992,0.00022407626,0.00231483,0.018412193,0.0
2580000,1.2356298,9.077914969946654,87.34411764705882,15.974291,0.052890833,8.901767416643526,0.019137575933435822,6.1193957,0.025778914,0.00022314856,0.0021166706,0.017935269,0.0
2610000,1.2342249,7.859588639862779,81.76243093922652,16.722193,0.06540506,8.02688103129776,0.02376084382538375,11.682068,0.028048841,0.00022221975,0.0025230243,0.01839103,0.0
2640000,1.2310774,8.696061119484458,85.99130434782609,16.87847,0.03844599,8.565451896270954,0.019833177374000997,8.181293,0.020736566,0.00022129512,0.002220383,0.019234655,0.0
2670000,1.2296683,6.936431154384765,70.77380952380952,16.518747,0.089475624,6.936992659697783,0.01723876161370782,14.452861,0.023742236,0.00022037153,0.0022824332,0.019900722,0.0
2700000,1.2295927,9.525991225595979,90.30182926829268,16.35134,0.051188365,9.672518313616775,0.019553518034560357,5.7179465,0.024614757,0.00021944316,0.0020889563,0.018478217,0.0
2730000,1.227836,8.578028721423445,84.27920227920228,15.724465,0.075661264,8.562039496635407,0.018095043115615474,3.774287,0.022673829,0.0002185154,0.002071089,0.018262757,0.0
2760000,1.2255021,8.643930519708679,86.24709302325581,16.43747,0.07739458,8.646168447087781,0.019167543008522844,7.1258926,0.026168838,0.00021758855,0.0020568229,0.017515935,0.0
2790000,1.2239902,8.606560891495164,85.45664739884393,16.660774,0.06140203,8.599447609347996,0.017356859809265476,5.1149993,0.02514186,0.00021666301,0.001972703,0.017974557,0.0
2820000,1.2231342,7.91841491391828,80.44444444444444,20.00689,0.06456642,7.92207583424769,0.01666575709157838,16.66786,0.021410825,0.00021573498,0.002006267,0.017581673,0.0
2850000,1.2234205,9.491318717282295,94.5828025477707,18.482712,0.048856877,9.495139626234437,0.021621694000679585,0.26344788,0.02082608,0.00021496144,0.0017903112,0.017585024,0.0
2880000,1.2247139,7.915800214583042,77.84210526315789,15.731864,0.009782417,7.916194457070302,0.013992948458670933,8.076301,0.021624694,0.00021418986,0.00203829,0.0163641,0.0
2910000,1.2268625,8.291357155131418,83.91784702549575,17.855305,0.066277444,8.290988314350692,0.016071681234333928,8.299128,0.021533446,0.00021326344,0.0017273212,0.016646845,0.0
2940000,1.2279984,6.728376946260301,70.16824644549763,15.0549555,0.029222708,6.72610166388971,0.01420605899457118,11.651929,0.02523995,0.00021233624,0.0020403352,0.018307544,0.0
2970000,1.2279835,9.55915216805157,94.0126582278481,18.133245,0.03708047,9.562569278189205,0.01781117084032349,9.647484,0.023292506,0.00021141156,0.0018353421,0.01733821,0.0
3000000,1.2284858,8.403859037007821,87.18823529411765,17.763943,0.039263945,8.403123243393116,0.01570709440685973,3.5961723,0.019861137,0.000210487,0.0016966504,0.016453966,0.0
3030000,1.2294667,8.129900796512878,84.27272727272727,17.647108,0.06452357,8.144502593168,0.017980053909592574,15.681183,0.026335692,0.00020956049,0.0020259004,0.017467046,0.0
3060000,1.2290608,8.741982323412776,88.80838323353294,16.057354,0.082342744,8.561742344273751,0.01616358160686785,4.644516,0.026396373,0.00020863271,0.0017210642,0.016379302,0.0
3090000,1.2280056,8.524721433233935,89.80909090909091,18.035866,0.0350519,8.68672099153116,0.01651063051840262,3.7004917,0.02404494,0.0002077067,0.0017249963,0.016722582,0.0
3120000,1.2275118,7.177197526962807,79.05866666666667,15.219683,0.02652242,7.185757169832786,0.014310933301070083,7.938957,0.022948792,0.00020677915,0.0017414192,0.016718993,0.0
3150000,1.2268537,8.821053233687444,92.57943925233644,17.054834,0.072828524,8.675351698083565,0.015761869593967345,4.570392,0.025006043,0.00020585403,0.001622839,0.016140787,0.0
3180000,1.225667,6.77209844345682,74.57430730478589,15.232807,0.020970285,6.8883701607095835,0.015736877855050707,16.846563,0.025980962,0.00020492764,0.0019689465,0.01670509,0.0
3210000,1.2253468,8.170378823389468,85.63294797687861,16.640587,0.020313498,8.167401539130847,0.015150834032236141,4.787942,0.028389266,0.00020415605,0.0017385464,0.01719752,0.0
3240000,1.2230862,7.8521697872422695,85.06896551724138,15.827155,0.017494107,7.86186483630311,0.01618915839835295,5.1187534,0.02695992,0.00020338215,0.0017229272,0.016817532,0.0
3270000,1.2206001,8.86947299389585,89.88484848484849,16.752804,0.016620439,8.853426966670844,0.016463734098766565,7.608476,0.025394544,0.00020245528,0.0018260498,0.017591618,0.0
3300000,1.2185404,8.228994689174554,82.66295264623956,17.096642,0.023771143,8.109470622545604,0.015135120431189543,6.1366425,0.023281189,0.00020152796,0.0017729147,0.01764714,0.0
3330000,1.2173959,8.215055960928048,82.53481894150418,17.262835,0.045941155,8.336615439362351,0.01625339154327226,13.64828,0.025220722,0.00020060164,0.0018891013,0.018758224,0.0
3360000,1.2162292,8.140156662468824,82.87150837988827,18.346231,0.04537203,8.143983105791982,0.017360596927975477,5.2517967,0.021342346,0.00019967782,0.0019839683,0.018927123,0.0
3390000,1.2156254,9.119492904015592,87.46607669616519,16.83313,0.03691915,8.987014591922588,0.0163949426264601,11.853274,0.023189045,0.00019875386,0.0018433536,0.018721716,0.0
3420000,1.2168009,9.344518056256799,87.8491124260355,17.968195,0.037083045,9.476943574825814,0.01677621654496589,7.5875473,0.024178887,0.00019782719,0.0018435259,0.0191241,0.0
3450000,1.2151288,8.269005813863485,83.1685393258427,16.88325,0.041674163,8.269089535439225,0.015872693723466592,8.22034,0.025307117,0.00019690295,0.0018394608,0.019387344,0.0
3480000,1.214092,9.620114498346668,91.5925925925926,18.109753,0.04225076,9.620885673828457,0.017399579341908528,5.3587976,0.020136273,0.00019597873,0.0018527415,0.019627096,0.0
3510000,1.2131732,8.819792388398719,89.25301204819277,20.367308,0.047024637,8.81946058705567,0.01660055350806811,12.042454,0.026179375,0.00019505329,0.0018164677,0.019596823,0.0
3540000,1.2122962,6.916907343387582,70.44285714285714,17.816841,0.07343129,6.916859411266965,0.015666753913406172,24.456614,0.021548798,0.00019412702,0.0020761557,0.01988687,0.0
3570000,1.212447,9.626954890326527,90.12424242424242,17.618425,0.041213255,9.626954509320697,0.017149355841948734,3.605073,0.025202941,0.00019335534,0.0018427013,0.019991096,0.0
3600000,1.2115422,8.007564977507014,81.41322314049587,18.166237,0.06488982,8.007564564943301,0.01536915581894669,7.1412005,0.0234558,0.00019258307,0.001831837,0.019543033,0.0
3630000,1.2117566,8.924367009879244,85.14899713467048,17.886007,0.043387737,8.923793482380708,0.018440421395147896,13.998273,0.024171546,0.00019165607,0.0020226203,0.020372167,0.0
3660000,1.2124187,8.894914940340609,87.23529411764706,17.376297,0.04910001,8.895532100334735,0.01616395509832621,6.679872,0.026264833,0.00019072753,0.0018366715,0.019595629,0.0
3690000,1.2103745,8.218887965323436,79.24866310160428,18.313837,0.06068606,8.215652204116802,0.01500047096048163,8.78457,0.020887932,0.00018980009,0.0017341446,0.017450163,0.0
3720000,1.2091211,9.378137472850163,90.65853658536585,18.462029,0.0548504,9.387149695052113,0.014696889890881899,2.7651024,0.026988057,0.00018887226,0.0015863938,0.017623985,0.0
3750000,1.206719,8.67671129549326,83.66288951841359,19.718391,0.06130892,8.673587381410924,0.013598745017434802,8.333735,0.023123026,0.00018794666,0.001548892,0.01737211,0.0
3780000,1.2068526,9.825898412143097,94.63057324840764,18.490639,0.039921515,9.825706800624245,0.015623520555532282,5.4036517,0.024628675,0.00018702286,0.0016187382,0.018309673,0.0
3810000,1.2048072,7.732770640019337,75.37755102040816,16.594652,0.062753476,7.744555931540719,0.013711918325757974,15.278789,0.02656413,0.00018609595,0.0017251055,0.01865364,0.0
3840000,1.2037209,8.442972802042776,81.64285714285714,17.189564,0.059524056,8.430362492965427,0.014732224631598501,10.997024,0.023949713,0.0001851663,0.0017655883,0.019252094,0.0
3870000,1.2016605,7.205173027327135,73.00740740740741,16.339725,0.086312816,7.198703524241523,0.014592438196349476,20.24255,0.024850344,0.00018423802,0.0018593445,0.019591285,0.0
3900000,1.2010194,7.125308289713497,72.25916870415648,18.062578,0.08190269,7.131811649586395,0.014321199985102052,20.41918,0.024221273,0.00018331125,0.0019446654,0.020455422,0.0
3930000,1.2010634,8.546291805322502,86.59766763848397,18.126585,0.05256911,8.545008518925865,0.015872952932696898,7.142937,0.021398377,0.00018253931,0.0018548844,0.020298224,0.0
3960000,1.2022552,8.530105541949096,82.19667590027701,16.517305,0.062506825,8.528664703851751,0.01492010294567791,5.3501873,0.02624284,0.00018176918,0.001731785,0.019467695,0.0
3990000,1.2028095,7.854461176600428,77.03125,18.428797,0.07410154,7.857742019600361,0.013721529339439561,12.524665,0.023465237,0.00018084161,0.0017014532,0.01914318,0.0
4020000,1.2031744,7.41415923818713,75.9076923076923,16.867863,0.08764886,7.41377419238337,0.014928530209223167,19.338898,0.022435507,0.00017991161,0.0019265274,0.019309605,0.0
4050000,1.2021717,8.28421512605585,85.28080229226362,18.230783,0.09799606,8.28887910180693,0.014342509977179632,9.533668,0.027809046,0.00017898431,0.0016756648,0.018766798,0.0
4080000,1.2004998,6.6665025312426724,69.03286384976526,14.422097,0.0902842,6.667536047686969,0.01146882671243413,12.468007,0.021946589,0.0001780576,0.0015839,0.017484244,0.0
4110000,1.2000839,9.4985003243591,94.0253164556962,18.380486,0.051745344,9.496705427120405,0.015377927717054263,5.747503,0.02325379,0.00017713259,0.0016087531,0.018293995,0.0
4140000,1.1991949,8.845081830423627,89.77643504531721,17.64894,0.052462004,8.838431714592204,0.014929285098332912,3.8778436,0.020169236,0.00017620773,0.0016039964,0.018500488,0.0
4170000,1.1979445,8.250773222088764,79.94864864864864,16.218386,0.05221971,8.25615390245079,0.013837220098168866,6.074963,0.025628477,0.00017527997,0.001666017,0.019125985,0.0
4200000,1.1972446,8.952941613316556,86.95014662756599,19.684338,0.05146541,8.954026200635157,0.015394599452618882,8.932659,0.021581411,0.0001743525,0.0017274729,0.019581007,0.0
4230000,1.1977471,7.988994818331249,80.98087431693989,16.244581,0.066156924,7.98929495213692,0.015051745826313577,9.612162,0.025811145,0.00017342732,0.0018071077,0.02035483,0.0
4260000,1.1969776,6.923104335824546,71.59806295399515,17.660145,0.10944524,6.920924825917142,0.013751185328032163,20.864855,0.024051577,0.00017265548,0.0018571487,0.019581731,0.0
4290000,1.1962585,7.973667778225215,78.90957446808511,17.86889,0.0839189,7.975316279307082,0.013432113878460517,11.828631,0.02247584,0.00017188395,0.0016788893,0.019591218,0.0
4320000,1.1963469,9.61530941433739,93.51104100946372,18.297874,0.052438933,9.615214143632926,0.014808215689882108,10.403511,0.025440702,0.00017095619,0.0015877631,0.018651402,0.0
4350000,1.1941615,9.426632181829145,91.01533742331289,17.991653,0.054155454,9.421536617549537,0.01389338151659628,1.5302728,0.024331378,0.00017003091,0.0014466721,0.017799318,0.0
4380000,1.1923746,8.11955638658304,77.39686684073106,18.303812,0.06143576,8.123971081368003,0.012835146981554699,6.8183875,0.024542734,0.00016910472,0.0015437054,0.018149132,0.0
4410000,1.1908786,8.121121673876699,78.06860158311346,15.892287,0.08180095,8.133092257188078,0.01224715881096322,19.870037,0.023658598,0.000168179,0.0015293272,0.01750593,0.0
4440000,1.1919214,9.019936825091785,89.85498489425981,17.458754,0.061022293,9.005715669660331,0.01239652592037084,5.520352,0.024005378,0.00016725321,0.0013535371,0.016770119,0.0
4470000,1.1891189,8.835446692631065,88.25892857142857,17.098429,0.05227722,8.833541386805466,0.013051200065438891,2.901511,0.024368167,0.000166328,0.0014395994,0.017295267,0.0
4500000,1.1859096,9.783818219712918,91.65123456790124,18.685007,0.052729208,9.646564616723975,0.013054439413898774,1.2579881,0.022052974,0.00016540334,0.001356114,0.016550705,0.0
4530000,1.1835762,9.877597040279333,95.54516129032258,18.860725,0.051007573,10.01543506229777,0.012919604117351194,2.7596896,0.025034415,0.00016447665,0.0013153678,0.016275488,0.0
4560000,1.1815852,10.15088957918547,96.82410423452768,19.625738,0.043776993,10.15929287847083,0.012819438270241604,2.3574011,0.02175457,0.00016354497,0.0012600444,0.0155681865,0.0
4590000,1.17778,10.446297115925324,95.73225806451613,18.577965,0.04614515,10.264328664506696,0.012405194814369504,0.4661589,0.021630285,0.00016261417,0.001278833,0.015074513,0.0
4620000,1.1752676,9.85967117685826,93.17241379310344,18.50133,0.050768044,10.03691203814572,0.01284047822230043,3.7752028,0.026361443,0.00016184045,0.0013707987,0.015940776,0.0
4650000,1.1746701,9.21114478205503,85.69653179190752,17.809784,0.066102915,9.20567891549459,0.012359618807192677,4.6811957,0.023627648,0.00016106562,0.0013462472,0.016716486,0.0
4680000,1.1750376,8.59870575246932,86.50728862973762,18.67716,0.05728549,8.606084269862459,0.012629817746244996,12.169433,0.025356553,0.00016014092,0.0014891495,0.017535646,0.0
4710000,1.1732663,9.957785796671915,93.97476340694006,18.849466,0.043296855,9.983759184412163,0.01324114249558689,0.2912209,0.02631075,0.00015921658,0.0014011426,0.016695939,0.0
4740000,1.1709932,10.041566368908864,93.0377358490566,19.076227,0.033413723,10.013285067682753,0.012624516852162078,7.580456,0.023767808,0.0001582905,0.0013245265,0.016086597,0.0
4770000,1.169177,9.855199194858017,87.80415430267063,18.750324,0.040124275,9.855198766364998,0.012599416374220605,5.7101097,0.024269665,0.00015736489,0.0013763508,0.016572004,0.0
4800000,1.1667347,9.069485666939642,86.17441860465117,18.3322,0.02961954,9.069717584617793,0.01319664616109316,4.2546973,0.022144258,0.00015643601,0.0014748788,0.01792323,0.0
4830000,1.1653703,10.618431303728261,98.08552631578948,19.671988,0.026484646,10.629811892763131,0.014147986397423809,5.355213,0.023700977,0.00015550946,0.0014619926,0.0177651,0.0
4860000,1.1620116,9.52761158127806,87.64391691394658,19.612738,0.0323388,9.51954112103355,0.012716443958907862,7.5335126,0.024116183,0.00015458133,0.0013793819,0.017248297,0.0
4890000,1.1618483,10.185632861278856,94.97444089456869,19.513514,0.03275837,10.181287198397404,0.013478370431361322,3.6430662,0.025387429,0.00015365299,0.0013893108,0.017169269,0.0
4920000,1.1598271,9.702997298373354,87.98516320474778,19.427958,0.035845716,9.70281579855343,0.011502743483443665,7.4112935,0.02281993,0.00015272535,0.0013118441,0.01586056,0.0
4950000,1.1586778,10.406360788042536,96.46428571428571,19.501167,0.030775212,10.403993365366931,0.013881894681593645,0.36402875,0.025900919,0.00015195341,0.00132231,0.016016101,0.0
4980000,1.1552539,9.644417012915213,88.16964285714286,19.234661,0.027033579,9.647898702176116,0.013422172496662131,4.306047,0.02956347,0.00015118146,0.0014068586,0.017385015,0.0
5010000,1.155454,9.856820149654132,92.56832298136646,19.291702,0.026119558,9.87709006321663,0.01405440405213544,4.1811824,0.025456997,0.00015025475,0.0014800084,0.018079529,0.0
5040000,1.1537424,9.880309337363084,89.64242424242424,19.140911,0.031187817,9.727407537640236,0.013712293447489116,8.167039,0.027023902,0.00014932903,0.0015034935,0.018516466,0.0
5070000,1.1511664,9.56899449682754,85.99130434782609,18.32671,0.025310293,9.50319681745225,0.013716997889180979,6.65337,0.022900837,0.00014840216,0.0015050686,0.018491475,0.0
5100000,1.1506459,8.867627988193304,80.33423913043478,18.437193,0.027923651,9.054094963737398,0.011928774274723686,9.219017,0.020344732,0.00014747615,0.0014611771,0.01831766,0.0
5130000,1.1530068,9.78248365571704,89.69184290030212,19.530008,0.024878966,9.777800280406643,0.013475174857887335,6.4591713,0.023125144,0.00014655008,0.0014948366,0.018751761,0.0
5160000,1.1513222,9.41321261333656,87.65781710914455,19.81572,0.027928304,9.414804873849638,0.01301514623538319,10.42773,0.024698788,0.00014562346,0.0014529446,0.018262023,0.0
5190000,1.1507715,9.9751268464423,91.52160493827161,21.208387,0.018955251,9.976762199269919,0.013693113189174816,11.251571,0.021049485,0.00014469739,0.0014360867,0.018463617,0.0
5220000,1.1505607,9.336122409244295,86.13081395348837,19.63362,0.021929558,9.33565679143405,0.013466399463775518,7.4422774,0.027294578,0.00014377125,0.0014592771,0.018139325,0.0
5250000,1.1494886,7.560013470229466,78.56084656084656,19.968067,0.042326443,7.554960372981864,0.012330380918688471,26.013885,0.021954397,0.00014284415,0.0015470186,0.019183021,0.0
5280000,1.1487671,9.133020394489078,84.99137931034483,19.16979,0.021335859,9.136439489743983,0.012484388094095663,12.891454,0.02254269,0.00014191771,0.0014118842,0.018306024,0.0
5310000,1.1475722,7.774408226311774,73.77114427860697,17.37465,0.033708975,7.778238804966607,0.011836087599481265,16.960958,0.020889001,0.00014114441,0.001515464,0.01921495,0.0
5340000,1.1458302,9.720818435067,89.72727272727273,21.619625,0.036138378,9.714575434142413,0.012924772467831093,12.329425,0.023871392,0.00014037285,0.0014623649,0.018512826,0.0
5370000,1.1436957,7.793729701758466,78.64721485411141,23.312216,0.08988621,7.796700293477378,0.012018909250260688,20.374039,0.024506517,0.00013944657,0.0014301868,0.01855976,0.0
5400000,1.144285,8.313618652824937,78.07894736842105,20.647696,0.071504995,8.313802439709942,0.011859839274103778,12.815369,0.026337733,0.00013851821,0.0014773477,0.018912697,0.0
5430000,1.1472027,9.203923562048823,83.97727272727273,19.373634,0.044027906,9.197644606024618,0.01307135979682657,18.741318,0.026092442,0.0001375908,0.0014923941,0.01880479,0.0
5460000,1.1476504,8.428170416262171,77.71204188481676,17.952856,0.038279638,8.428745872432522,0.012726380993140964,18.024261,0.025100395,0.00013666204,0.0016511832,0.020366972,0.0
5490000,1.1479938,9.177818395791375,84.15625,18.242506,0.037107382,9.183954147270098,0.017175454423233368,11.834126,0.021406224,0.00013573337,0.0017069533,0.019295715,0.0
5520000,1.1479387,10.606256000292985,96.20711974110033,20.978815,0.048787344,10.605673089810319,0.014669737855272374,4.1344733,0.027720297,0.00013480567,0.0014806726,0.019204175,0.0
5550000,1.1473397,9.537773139754195,87.42477876106194,18.146292,0.04348757,9.53399674007312,0.012556856317317887,4.0986066,0.025351787,0.00013387692,0.0013675989,0.018247357,0.0
5580000,1.1449753,9.660136470895177,91.79256965944272,20.580486,0.03194339,9.658495019094863,0.013618024399838535,7.4958935,0.024753513,0.00013295274,0.0014244794,0.018340053,0.0
5610000,1.1442031,10.059654788327025,90.79204892966361,19.810984,0.03740492,10.06711606204044,0.012316037925399571,4.6744885,0.02350379,0.000132026,0.0013243086,0.017312814,0.0
5640000,1.1428525,9.867418475593016,89.91515151515152,19.77789,0.035829,9.865448240293048,0.013358329082168921,8.989143,0.026716609,0.00013125228,0.0014836418,0.01923183,0.0
5670000,1.1421978,10.264363047902616,93.54889589905363,19.76627,0.036687627,10.262375029083048,0.012605045660625121,4.777721,0.022747746,0.00013047595,0.0013705362,0.018056821,0.0
5700000,1.1427194,8.47844706655002,78.81382978723404,21.066168,0.07359424,8.480335076942673,0.01121894098058816,14.3517275,0.021485956,0.00012954841,0.0013886412,0.018430507,0.0
5730000,1.1421131,9.143776221732029,82.96638655462185,16.169586,0.02345642,9.13643402465344,0.011197393453964984,5.05747,0.02258032,0.00012862285,0.0013503832,0.018034251,0.0
5760000,1.1401415,8.287666936674214,77.18489583333333,19.524773,0.051399756,8.29386705953099,0.010854312617766482,13.048734,0.023841089,0.00012769765,0.0013792254,0.018105626,0.0
5790000,1.1392354,10.336088339706265,93.27044025157232,19.98304,0.025878774,10.19067896256932,0.012162556617342099,0.32899618,0.02465394,0.00012676792,0.0012817794,0.017452,0.0
5820000,1.1381668,10.683081387619437,92.69158878504673,20.88927,0.037229866,10.823361381527901,0.012073226678609482,7.707844,0.025622532,0.0001258411,0.0012906672,0.017637307,0.0
5850000,1.1363243,9.207892644251089,84.0028328611898,18.7264,0.032598916,9.211574864714926,0.011676300964300078,8.881103,0.026154043,0.00012491421,0.0013434881,0.017639896,0.0
5880000,1.1350772,8.883229180449767,80.68937329700273,17.371496,0.033751253,8.87753392318492,0.010843610600933144,9.088476,0.023304872,0.00012398789,0.001305649,0.01708566,0.0
5910000,1.1343155,9.54741390070142,88.10714285714286,18.292961,0.033512443,9.55285956513641,0.011615685394471734,1.9976673,0.026640156,0.00012306316,0.0013016571,0.017689554,0.0
5940000,1.1331469,9.116645969510344,84.73428571428572,19.41272,0.049658637,9.113416843290574,0.011194531226563933,10.157013,0.020098828,0.00012213762,0.0012818945,0.016986249,0.0
5970000,1.1333578,9.888567765407975,91.43865030674847,19.560833,0.04399361,9.730039737923788,0.011083318991138815,6.776875,0.027150026,0.00012121359,0.0012033943,0.01654408,0.0
6000000,1.133261,9.805903244855033,86.95882352941176,19.663591,0.049992144,9.956685999112034,0.0110683789223438,0.37410003,0.021783045,0.00012043837,0.0012370893,0.017021932,0.0
6030000,1.132713,9.729882353703852,87.46312684365782,19.500229,0.04403692,9.729695916506888,0.011934679805144536,10.744178,0.022150142,0.000119667595,0.001344528,0.017797465,0.0
6060000,1.1321113,10.954192247386706,93.36163522012579,20.004475,0.04933249,10.957273626320779,0.013057920064245578,3.932907,0.024489662,0.000118738746,0.0013381746,0.017760344,0.0
6090000,1.1309124,10.127416198587598,90.65137614678899,20.94834,0.04691608,10.127170984527888,0.012937709605210925,9.030137,0.023081327,0.0001178109,0.0014020264,0.018392421,0.0
6120000,1.1305822,10.101994377582395,88.35119047619048,20.173819,0.043794136,10.103779677885107,0.01326625101570417,5.8900304,0.022932196,0.00011688456,0.0014481358,0.019043965,0.0
6150000,1.1292523,11.203252832617002,96.06796116504854,21.400866,0.047624163,11.018488592287364,0.013105818749937412,4.0590987,0.025242778,0.00011595763,0.0013843235,0.019242963,0.0
6180000,1.1279384,8.490154685615623,77.59162303664921,18.09624,0.06259732,8.639321711907865,0.011091662339070149,14.102326,0.028018488,0.0001150312,0.0013890314,0.019030653,0.0
6210000,1.1279646,9.655652610666719,85.01436781609195,19.598837,0.06190228,9.656973928986545,0.011567606499696943,9.816749,0.022022434,0.0001141055,0.0013398427,0.01851423,0.0
6240000,1.1271604,8.894878608142285,78.47089947089947,19.460783,0.065461874,8.894693048660416,0.0113181579933827,19.624735,0.020960806,0.0001131784,0.0013690288,0.018414263,0.0
6270000,1.1263078,9.415658206116593,86.7953216374269,18.782618,0.056892317,9.415160519814687,0.01204519587816066,9.882895,0.02222398,0.000112250455,0.0013375945,0.01769188,0.0
6300000,1.125673,9.538370402725834,83.5677966101695,19.11223,0.054081347,9.53407635711861,0.01283002310149019,15.275379,0.023316689,0.000111323076,0.0014892993,0.0195037,0.0
6330000,1.1252276,10.261428531865228,90.90519877675841,21.11391,0.05256226,10.266687973435193,0.013152089420476763,7.588257,0.025476914,0.00011054965,0.0014164585,0.018471181,0.0
6360000,1.1236194,10.212729298386229,89.32831325301204,20.088453,0.05104703,10.212307251038883,0.011844177254200745,10.541486,0.02315597,0.00010977758,0.0013416369,0.017537579,0.0
6390000,1.121322,10.08386795986802,91.16615384615385,19.955893,0.04586234,10.082759651356879,0.011028569769830658,2.3043191,0.024445692,0.00010885176,0.0011786412,0.016758613,0.0
6420000,1.1199253,9.381644577685684,83.29411764705883,19.337067,0.0550654,9.38312876513567,0.010909444215695742,9.967568,0.023836562,0.000107924956,0.0012825486,0.017706202,0.0
6450000,1.1194707,10.433431167820316,93.12893081761007,20.505783,0.03930068,10.433587928434012,0.01159408722508848,6.254832,0.023625052,0.00010699796,0.0012303361,0.017560484,0.0
6480000,1.1193062,9.312623917430596,81.57692307692308,19.178505,0.04125277,9.306675633082644,0.011025050955080648,9.393452,0.023301704,0.00010606739,0.0012808015,0.017736794,0.0
6510000,1.1185471,8.689837500504735,76.36692506459949,17.288553,0.038825076,8.690315084587855,0.010929851805913389,19.56481,0.019612633,0.00010514192,0.0013656113,0.019005885,0.0
6540000,1.1183351,8.369723089545479,80.5054347826087,20.554884,0.0611557,8.372222818349458,0.012014307702212018,15.542099,0.024997026,0.00010421648,0.0014579683,0.019415751,0.0
6570000,1.1174514,8.34850416267248,77.91076115485565,16.87514,0.04100845,8.342886868227222,0.011904848726518853,13.526048,0.021601334,0.00010328955,0.0015016826,0.02028594,0.0
6600000,1.1175748,10.456891929141333,89.3644578313253,21.495602,0.042563085,10.45938860059152,0.01350169712453183,12.702825,0.02456081,0.00010236411,0.0014695526,0.019521447,0.0
6630000,1.1166204,9.327836416228415,82.33611111111111,18.903217,0.04273338,9.335977646569436,0.01562778979286021,12.413394,0.02116716,0.00010143691,0.0015874497,0.019862285,0.0
6660000,1.1148692,9.291486633382481,81.2032967032967,18.25473,0.042260084,9.289755530433748,0.011411736216829452,11.870372,0.025477404,0.00010066471,0.0013586103,0.019120486,0.0
6690000,1.1149225,9.242620125954609,81.65289256198348,19.520035,0.04948145,9.239864865120387,0.012010265863708992,14.4641695,0.022369051,9.989206e-05,0.0013879896,0.019166922,0.0
6720000,1.114943,7.8916150265722536,75.68622448979592,17.302172,0.04569948,7.892252310235006,0.010582210612037856,15.27364,0.023171393,9.8965655e-05,0.0013626725,0.018757328,0.0
6750000,1.1151077,10.414872172899413,92.690625,20.28291,0.05135026,10.409274753819044,0.012459544586999983,4.941111,0.028290436,9.8035984e-05,0.0013555741,0.01880262,0.0
6780000,1.1145556,8.851694269232386,80.94808743169399,18.496342,0.035199083,8.85899161515265,0.01091539651965608,12.019437,0.02444228,9.710712e-05,0.0013318881,0.018224396,0.0
6810000,1.1137705,10.148969931301865,90.09726443768997,19.812067,0.04100587,10.142279469804402,0.012365753965000805,9.608873,0.025725206,9.6179e-05,0.0013522204,0.017966164,0.0
6840000,1.1137514,10.210484942669146,91.25153374233129,20.26731,0.03628625,10.008217502461084,0.012469835169441952,1.9871821,0.020450925,9.525335e-05,0.001306292,0.017771997,0.0
6870000,1.1127118,9.959592950459227,89.95440729483283,19.546843,0.028654441,10.158282235525917,0.013730948411496526,4.921327,0.021762498,9.4325755e-05,0.0013589473,0.017968273,0.0
6900000,1.1116362,10.230875323921238,90.6798780487805,18.945734,0.028260354,10.234109470370175,0.011521234763122487,1.4985396,0.021918654,9.339984e-05,0.0012565776,0.01717143,0.0
6930000,1.109645,10.551370222567067,93.05956112852665,20.174044,0.025746677,10.555413440007097,0.012109089624151284,2.0382304,0.020904198,9.2472765e-05,0.0012241577,0.017146913,0.0
6960000,1.1068871,9.457434549158373,84.65714285714286,19.61301,0.041706067,9.462662465583001,0.011272735772072337,10.971932,0.02300521,9.154625e-05,0.0013078317,0.018313045,0.0
6990000,1.1057595,10.094494155752743,90.93251533742331,20.770945,0.036965065,10.08857332349275,0.012512099157634585,9.107872,0.020991633,9.061951e-05,0.0013564812,0.018670322,0.0
7020000,1.1050406,10.02747072623223,87.81360946745562,22.742435,0.05486696,10.024718723043568,0.011856123141599296,14.733756,0.02364365,8.984913e-05,0.0013630132,0.018502213,0.0
7050000,1.1031533,9.23339702807862,81.52892561983471,21.992014,0.051134516,9.23695038705705,0.01123175067174795,8.607169,0.022780105,8.9078625e-05,0.0012687721,0.018262928,0.0
7080000,1.1023709,9.997365241392187,88.19584569732937,19.495422,0.041720647,9.99237940411943,0.011989293907919639,9.6908865,0.021179497,8.814811e-05,0.0013901237,0.019076698,0.0
7110000,1.1020232,9.993199705600826,88.16666666666667,19.68598,0.04433693,9.997663398531412,0.011589599261718658,12.009496,0.025734603,8.722324e-05,0.0013054464,0.018366799,0.0
7140000,1.1015542,10.252385414413997,88.50746268656717,19.977375,0.039808244,10.251549181670867,0.011855327547440973,4.8655066,0.02378983,8.6296546e-05,0.0012988654,0.018337142,0.0
7170000,1.101421,9.23396254710651,79.97304582210242,19.035723,0.045788378,9.234150782345187,0.01065044560116048,15.779296,0.024361799,8.537193e-05,0.0013648315,0.018786225,0.0
7200000,1.101326,10.620196027080356,92.12111801242236,20.607925,0.039921805,10.6204439775045,0.011713306988431834,3.5328386,0.02336247,8.4444946e-05,0.0012802617,0.017596548,0.0
7230000,1.1003934,11.366548477704915,98.51495016611295,21.847317,0.029872496,11.360431463615443,0.012521963978056298,1.8492275,0.023037387,8.351956e-05,0.001212244,0.01735617,0.0
